clusteringColumn,value
bisectingKmeans=2,0.21762827624022296
bisectingKmeans=3,0.14711225456365393
bisectingKmeans=4,0.14145300066011426
bisectingKmeans=5,0.13782369293295
bisectingKmeans=6,0.1182899056652114
bisectingKmeans=7,0.1064721362748486
bisectingKmeans=8,0.09846563134429195
bisectingKmeans=9,0.10956959237524301
bisectingKmeans=10,0.10958142083438019
bisectingKmeans=11,0.10805990074353154
bisectingKmeans=12,0.09753325913429603
bisectingKmeans=13,0.08365814934348434
bisectingKmeans=14,0.07717018414566287
bisectingKmeans=15,0.07394272319262811
bisectingKmeans=16,0.07448662556007574
bisectingKmeans=17,0.077858978433769
bisectingKmeans=18,0.07656783000010058
bisectingKmeans=19,0.07618570959787951
bisectingKmeans=20,0.07615301850638868
bisectingKmeans=21,0.07493417189178511
bisectingKmeans=22,0.07551630017649247
bisectingKmeans=23,0.07216668725040562
bisectingKmeans=24,0.06869852415499007
bisectingKmeans=25,0.06969508992274527
bisectingKmeans=26,0.08109471255581173
bisectingKmeans=27,0.06710074038961394
bisectingKmeans=28,0.07240446091457364
bisectingKmeans=29,0.07451946281281083
bisectingKmeans=30,0.07259966811762535
bisectingKmeans=31,0.07234408007734945
bisectingKmeans=32,0.07062174183088085
bisectingKmeans=33,0.07122225446478501
bisectingKmeans=34,0.06992599406102003
bisectingKmeans=35,0.07192308227311715
bisectingKmeans=36,0.0690594332751415
bisectingKmeans=37,0.06796435513032084
bisectingKmeans=38,0.06959782945120177
bisectingKmeans=39,0.06934304403139954
bisectingKmeans=40,0.06230058580226507
bisectingKmeans=41,0.0646455793826232
bisectingKmeans=42,0.06453101747489258
bisectingKmeans=43,0.061950214869376
bisectingKmeans=44,0.06537287853911958
bisectingKmeans=45,0.061713599449316724
bisectingKmeans=46,0.06067245705717392
bisectingKmeans=47,0.06679333352716517
bisectingKmeans=48,0.06025343881867423
bisectingKmeans=49,0.05927336927838051
bisectingKmeans=50,0.06339206194566661
bisectingKmeans=51,0.06578884437241343
bisectingKmeans=52,0.05806951672537407
bisectingKmeans=53,0.06404203075162275
bisectingKmeans=54,0.06016368397561159
bisectingKmeans=55,0.06321900062727685
bisectingKmeans=56,0.059056660363422796
bisectingKmeans=57,0.06113403402338301
bisectingKmeans=58,0.062140756637130264
bisectingKmeans=59,0.06100795202043186
bisectingKmeans=60,0.05991595115113521
bisectingKmeans=61,0.06269110935485432
bisectingKmeans=62,0.05729033276832839
bisectingKmeans=63,0.05901735538348293
bisectingKmeans=64,0.06058735326925862
bisectingKmeans=65,0.06095843732151219
bisectingKmeans=66,0.057004990729396396
bisectingKmeans=67,0.053615499988625734
bisectingKmeans=68,0.06101709750095853
bisectingKmeans=69,0.05286128454569704
bisectingKmeans=70,0.05568137018374254
bisectingKmeans=71,0.05658174864986175
bisectingKmeans=72,0.06002082004247748
bisectingKmeans=73,0.061530274810779786
bisectingKmeans=74,0.055634456984058216
bisectingKmeans=75,0.060138531431096175
bisectingKmeans=76,0.05562450224101523
bisectingKmeans=77,0.05630523278346759
bisectingKmeans=78,0.05349866457885515
bisectingKmeans=79,0.056451440760465064
bisectingKmeans=80,0.054046128070419544
bisectingKmeans=81,0.05796205610220031
bisectingKmeans=82,0.05542785385582816
bisectingKmeans=83,0.05442133871609887
bisectingKmeans=84,0.054978941434384525
bisectingKmeans=85,0.05885281279463917
bisectingKmeans=86,0.05304154639991061
bisectingKmeans=87,0.05583897527972746
bisectingKmeans=88,0.05025994453445191
bisectingKmeans=89,0.05428764131335868
bisectingKmeans=90,0.0532884256875788
bisectingKmeans=91,0.0556405564256979
bisectingKmeans=92,0.053669309866173666
bisectingKmeans=93,0.051310896324240914
bisectingKmeans=94,0.05380848560021176
bisectingKmeans=95,0.05675388914968739
bisectingKmeans=96,0.0529402075811493
bisectingKmeans=97,0.04751213674568746
bisectingKmeans=98,0.051331453402634966
bisectingKmeans=99,0.05054845548967143
bisectingKmeans=100,0.05806168349315152
bisectingKmeans=101,0.0524048968372988
bisectingKmeans=102,0.056174539667743766
bisectingKmeans=103,0.05325565630411374
bisectingKmeans=104,0.05326080110900649
bisectingKmeans=105,0.052435685845613755
bisectingKmeans=106,0.049374614197039
bisectingKmeans=107,0.05354144216041963
bisectingKmeans=108,0.04915236458837809
bisectingKmeans=109,0.05683399581348614
bisectingKmeans=110,0.052386467699031866
bisectingKmeans=111,0.05330819271392051
bisectingKmeans=112,0.05157502307898792
bisectingKmeans=113,0.052415167329073434
bisectingKmeans=114,0.04964598435436503
bisectingKmeans=115,0.048802863867939625
bisectingKmeans=116,0.04997637934919976
bisectingKmeans=117,0.04949739077453891
bisectingKmeans=118,0.048548827455014654
bisectingKmeans=119,0.04851989879826056
bisectingKmeans=120,0.04928804002491223
bisectingKmeans=121,0.04785537273246758
bisectingKmeans=122,0.05025059235071636
bisectingKmeans=123,0.05121181444757662
bisectingKmeans=124,0.05142395598097019
bisectingKmeans=125,0.05037401235445516
bisectingKmeans=126,0.05248157000254522
bisectingKmeans=127,0.05226524069227781
bisectingKmeans=128,0.051077515537762026
bisectingKmeans=129,0.050000267387823934
bisectingKmeans=130,0.04982663064051656
bisectingKmeans=131,0.050497443547315016
bisectingKmeans=132,0.05025337061185203
bisectingKmeans=133,0.04841987437418411
bisectingKmeans=134,0.047640670851524805
bisectingKmeans=135,0.04764782266731263
bisectingKmeans=136,0.04917663600622699
bisectingKmeans=137,0.049386320074478525
bisectingKmeans=138,0.0485266625244692
bisectingKmeans=139,0.04754291037286356
bisectingKmeans=140,0.04911913798199243
bisectingKmeans=141,0.05129194777133608
bisectingKmeans=142,0.04921248385996412
bisectingKmeans=143,0.0486997194800437
bisectingKmeans=144,0.049206530472544925
bisectingKmeans=145,0.05117466303618548
bisectingKmeans=146,0.05035570647218256
bisectingKmeans=147,0.046021468308659705
bisectingKmeans=148,0.04895751565055686
bisectingKmeans=149,0.046625077251027804
bisectingKmeans=150,0.04593820926469922
bisectingKmeans=151,0.049714962610491416
bisectingKmeans=152,0.04803766218139172
bisectingKmeans=153,0.0493896581371746
bisectingKmeans=154,0.04769794544444937
bisectingKmeans=155,0.05100722053847323
bisectingKmeans=156,0.04743152450499418
bisectingKmeans=157,0.04669048594378228
bisectingKmeans=158,0.04775874014706814
bisectingKmeans=159,0.0499229658290755
bisectingKmeans=160,0.047769224465079314
bisectingKmeans=161,0.04856366889719922
bisectingKmeans=162,0.048515323553965234
bisectingKmeans=163,0.04875138511337908
bisectingKmeans=164,0.046482826108928246
bisectingKmeans=165,0.04451829684087377
bisectingKmeans=166,0.047668574239571625
bisectingKmeans=167,0.04616972314794761
bisectingKmeans=168,0.04795687547123848
bisectingKmeans=169,0.0472671295327709
bisectingKmeans=170,0.047767183059102686
bisectingKmeans=171,0.0470164291443448
bisectingKmeans=172,0.04879211414986709
bisectingKmeans=173,0.04394381281845138
bisectingKmeans=174,0.04683138398268299
bisectingKmeans=175,0.044091387982809316
bisectingKmeans=176,0.04383915529615429
bisectingKmeans=177,0.04446034240693169
bisectingKmeans=178,0.043581031548583414
bisectingKmeans=179,0.04454494299103615
bisectingKmeans=180,0.04284120675576713
bisectingKmeans=181,0.04395079587312638
bisectingKmeans=182,0.045183482263453825
bisectingKmeans=183,0.044809328248458805
bisectingKmeans=184,0.044554769295935506
bisectingKmeans=185,0.04413093800748751
bisectingKmeans=186,0.04431933356280063
bisectingKmeans=187,0.04254583015502581
bisectingKmeans=188,0.040378317616899057
bisectingKmeans=189,0.04363723501473736
bisectingKmeans=190,0.046962842133826926
bisectingKmeans=191,0.044634557007286337
bisectingKmeans=192,0.04351027526564594
bisectingKmeans=193,0.04524162566176308
bisectingKmeans=194,0.045977176677466966
bisectingKmeans=195,0.04266258837344488
bisectingKmeans=196,0.0423201363263284
bisectingKmeans=197,0.0456056709038972
bisectingKmeans=198,0.04478297521354006
bisectingKmeans=199,0.04567411159097138
bisectingKmeans=200,0.04332586031831176
